urls,sitename,lang,sitemapurl
https://www.digitalocean.com,digitalocean,en,https://www.digitalocean.com/sitemaps/community-tutorials-0.xml.gz
https://adamtheautomator.com,adamtheautomator,en,https://adamtheautomator.com/sitemap_index.xml
https://phoenixnap.com,phoenixnap,en,https://phoenixnap.com/kb/post-sitemap.xml
https://linuxhint.com,linuxhint,en,https://linuxhint.com/wpms-sitemap.xml
https://www.linuxfordevices.com,linuxfordevices,en,https://www.linuxfordevices.com/sitemap_index.xml
https://www.how2shout.com,how2shout,en,https://www.how2shout.com/sitemap.xml
https://www.linuxhelp.com,linuxhelp,en,https://linux-help.org/sitemap.xml
https://www.hostinger.com,hostinger,en,https://www.hostinger.com/sitemap.xml
https://www.makeuseof.com,makeuseof,en,https://www.makeuseof.com/sitemap.xml
https://www.sqlshack.com,sqlshack,en,https://www.sqlshack.com/sitemap_index.xml
https://www.cyberithub.com,cyberithub,en,https://www.cyberithub.com/sitemap_index.xml
https://www.tecmint.com,tecmint,en,https://www.tecmint.com/sitemap.xml
https://wikihow.com,wikihow,en,https://www.wikihow.com/sitemap_index.xml
https://www.chron.com,chron,en,https://www.chron.com/sitemap.xml
https://linoxide.com,linoxide,en,https://linoxide.com/sitemap_index.xml
https://www.lifewire.com,lifewire,en,https://www.lifewire.com/sitemap.xml
https://www.howtogeek.com,howtogeek,en,https://www.howtogeek.com/sitemap.xml
https://www.cnet.com,cnet,en,https://www.cnet.com/sitemaps/news.xml
https://www.healthline.com,healthline,en,https://www.healthline.com/sitemap.xml
https://www.forbes.com,forbes,en,https://www.forbes.com/news_sitemap.xml
https://www.businessinsider.com,businessinsider,en,https://www.businessinsider.com/sitemap/index.xml
https://stackoverflow.com,stackoverflow,en,https://stackoverflow.com/sitemap.xml
https://www.theguardian.com,theguardian,en,http://www.theguardian.com/sitemaps/news.xml
https://www.dummies.com,dummies,en,https://www.dummies.com/sitemap_index.xml
https://medium.com,medium,en,https://medium.com/sitemap/sitemap.xml
https://www.bbc.com,bbc,en,https://www.bbc.com/sitemaps/https-index-com-archive.xml
https://www.nih.gov,nih,en,https://www.nih.gov/sitemap.xml
https://www.newsinhealth.nih.gov,newsinhealth,en,https://newsinhealth.nih.gov/sitemap.xml
https://nihrecord.nih.gov,nihrecord,en,https://nihrecord.nih.gov/sitemap.xml
https://www.cdc.gov,cdc,en,https://www.cdc.gov/coronavirus/sitemap.xml
https://superuser.com,superuser,en,https://superuser.com/sitemap.xml
https://www.investopedia.com,investopedia,en,https://www.investopedia.com/sitemap.xml
https://edition.cnn.com,cnn,en,https://www.cnn.com/sitemaps/cnn/index.xml
https://www.instructables.com,instructables,en,https://www.instructables.com/sitemap.xml
https://www.techradar.com,techradar,en,https://www.techradar.com/sitemap.xml
https://www.washingtonpost.com,washingtonpost,en,https://www.washingtonpost.com/arcio/sitemap/master/index/
https://www.theverge.com,theverge,en,https://www.theverge.com/sitemaps
https://www.academia.edu,academia,en,https://sitemap.academia.edu/works_index.xml
https://www.cnbc.com,cnbc,en,https://www.cnbc.com/sitemapAll.xml
https://itslinuxfoss.com,itslinuxfoss,en,https://itslinuxfoss.com/wp-sitemap.xml
https://www.howtoforge.com,howtoforge,en,https://www.howtoforge.com/sitemap.xml.gz
https://ourcodeworld.com,ourcodeworld,en,https://ourcodeworld.com/sitemap.xml
https://www.linuxtoday.com,linuxtoday,en,https://www.linuxtoday.com/sitemap_index.xml
https://unixcop.com,unixcop,en,https://unixcop.com/sitemap_index.xml
https://kifarunix.com,kifarunix,en,https://kifarunix.com/sitemap_index.xml
https://www.fosstechnix.com,fosstechnix,en,https://www.fosstechnix.com/sitemap_index.xml
https://codepre.com,codepre,en,https://codepre.com/sitemap_index.xml
https://www.dark-hamster.com,dark-hamster,en,http://www.dark-hamster.com/sitemap_index.xml
https://pynative.com,pynative,en,https://pynative.com/sitemap_index.xml
https://www.geeksforgeeks.org,geeksforgeeks,en,https://www.geeksforgeeks.org/sitemap_index.xml/
https://www.dev2qa.com,dev2qa,en,http://www.dev2qa.com/sitemap_index.xml
https://www.mosoah.com,mosoah,ar,https://www.mosoah.com/post-sitemap.xml
https://www.zyadda.com,zyadda,ar,https://www.zyadda.com/sitemap.xml
https://www.almrsal.com,almrsal,ar,https://www.almrsal.com/sitemap.xml
https://www.elbalad.news,elbalad,ar,https://elbalad.news/sitemaps.xml
https://www.misr5.com,misr5,ar,https://misr5.com/sitemap_index.xml
https://www.siasat.com,siasat,en,https://www.siasat.com/sitemap_index.xml
https://www.telanganatoday.com,telanganatoday,en,https://telanganatoday.com/sitemap_index.xml
https://www.bollywoodlife.com,bollywoodlife,en,https://www.bollywoodlife.com/complete-sitemap.xml
https://www.aninews.in,aninews,en,https://www.aninews.in/sitemap.xml
https://www.news18.com,news18,en,https://www.news18.com/news-googlesitemap.xml
https://www.thehansindia.com,thehansindia,en,https://www.thehansindia.com/sitemap/sitemap-index.xml
https://www.opindia.com,opindia,en,https://www.opindia.com/sitemap_index.xml
https://www.tecmint.com,tecmint,en,https://www.tecmint.com/sitemap.xml
https://www.computingforgeeks.com,computingforgeeks,en,https://computingforgeeks.com/sitemap_index.xml
https://www.phoenixnap.com,phoenixnap,en,https://phoenixnap.com/kb/sitemap_index.xml
https://linuxize.com,linuxize,en,https://linuxize.com/index.xml
https://linuxconfig.org,linuxconfig,en,https://linuxconfig.org/sitemap_index.xml
https://www.postgresqltutorial.com,postgresqltutorial,en,https://www.postgresqltutorial.com/sitemap_index.xml
https://cloudcone.com,cloudcone,en,http://cloudcone.com/sitemap_index.xml
https://www.programiz.com,programiz,en,https://www.programiz.com/sitemap.xml
http://net-informations.com,net-informations,en,http://net-informations.com/sitemap.xml
https://realpython.com,realpython,en,https://realpython.com/sitemap.xml
https://www.delftstack.com,delftstack,en,https://www.delftstack.com/sitemap.xml
https://wethegeek.com,wethegeek,en,https://wethegeek.com/sitemap_index.xml
https://www.javatpoint.com,javatpoint,en,https://www.javatpoint.com/sitemap.xml
https://dev.to,dev,en,https://dev.to/sitemap-index.xml
https://getbootstrap.com,getbootstrap,en,https://getbootstrap.com/sitemap.xml
https://css-tricks.com,css-tricks,en,https://css-tricks.com/sitemap_index.xml
https://www.w3resource.com,w3resource,en,https://www.w3resource.com/sitemap.xml
https://www.sitepoint.com,sitepoint,en,https://www.sitepoint.com/sitemap-index.xml
https://www.tutorialrepublic.com,tutorialrepublic,en,https://www.tutorialrepublic.com/sitemap.xml
https://dzone.com,dzone,en,https://dzone.com/sitemap.xml
https://hackernoon.com,hackernoon,en,https://hackernoon.com/sitemap.xml
https://www.baeldung.com,baeldung,en,https://www.baeldung.com/sitemap.xml
https://www.cyberciti.biz,cyberciti,en,https://www.cyberciti.biz/sitemap_index.xml
https://www.codecademy.com,codecademy,en,https://www.codecademy.com/sitemap.xml
https://mkyong.com,mkyong,en,https://mkyong.com/sitemap_index.xml
https://www.programcreek.com,programcreek,en,https://www.programcreek.com/sitemap.xml
https://www.computerhope.com,computerhope,en,https://www.computerhope.com/sitemap.xml
https://codeburst.io,codeburst,en,https://codeburst.io/sitemap/sitemap.xml
https://colorlib.com,colorlib,en,https://colorlib.com/sitemap_index.xml
https://www.journaldev.com,journaldev,en,https://www.journaldev.com/sitemap_index.xml
https://beginnersbook.com,beginnersbook,en,https://beginnersbook.com/sitemap_index.xml
https://www.smashingmagazine.com,smashingmagazine,en,https://www.smashingmagazine.com/sitemap.xml
https://appdividend.com,appdividend,en,https://appdividend.com/sitemap.xml
https://alvinalexander.com,alvinalexander,en,https://alvinalexander.com/sitemap.xml
https://itnext.io,itnext,en,https://itnext.io/sitemap/sitemap.xml
https://www.codementor.io,codementor,en,https://www.codementor.io/sitemap.xml
https://www.guru99.com,guru99,en,https://www.guru99.com/sitemap.xml
https://pusher.com,pusher,en,https://pusher.com/sitemap_index.xml
https://laravel-news.com,laravel-news,en,https://laravel-news.com/sitemap.xml
https://coderwall.com,coderwall,en,https://coderwall.com/sitemap.xml
https://appdividend.com,appdividend,en,https://appdividend.com/sitemap.xml
https://laraveldaily.com,laraveldaily,en,https://laraveldaily.com/sitemap.xml
https://www.tutsmake.com,tutsmake,en,https://www.tutsmake.com/sitemap_index.xml
http://www.expertphp.in,expertphp,en,http://www.expertphp.in/sitemap.xml
https://www.positronx.io,positronx,en,https://www.positronx.io/sitemap_index.xml
https://makitweb.com,makitweb,en,https://makitweb.com/sitemap_index.xml
https://www.webslesson.info,webslesson,en,https://www.webslesson.info/sitemap.xml
https://www.w3adda.com,w3adda,en,https://www.w3adda.com/sitemap_index.xml
https://tecadmin.net,tecadmin,en,https://tecadmin.net/sitemap.xml
https://stackabuse.com,stackabuse,en,https://stackabuse.com/sitemap.xml
https://codesandbox.io,codesandbox,en,https://codesandbox.io/sitemap.xml
https://riptutorial.com,riptutorial,en,https://riptutorial.com/sitemap.xml
https://codebriefly.com,codebriefly,en,https://codebriefly.com/sitemap_index.xml
https://stillat.com,stillat,en,https://stillat.com/sitemap.xml
https://love2dev.com,love2dev,en,https://love2dev.com/sitemap.xml
https://intervention.io,intervention,en,https://intervention.io/sitemap.xml
https://phppot.com,phppot,en,https://phppot.com/sitemap.xml
https://ourcodeworld.com,ourcodeworld,en,https://ourcodeworld.com/sitemap.xml
https://www.educative.io,educative,en,https://www.educative.io/sitemap.xml
https://shouts.dev,shouts,en,https://shouts.dev/sitemap/articles.xml
https://www.angularjswiki.com,angularjswiki,en,https://www.angularjswiki.com/sitemap.xml
https://kontext.tech,kontext,en,https://kontext.tech/api/sitemap
https://www.askpython.com,askpython,en,https://www.askpython.com/sitemap_index.xml
https://www.almrsal.com,almrsal,ar,https://www.almrsal.com/sitemap.xml
https://www.webteb.com,webteb,ar,https://www.webteb.com/subdomains/www/sitemap.xml
https://www.mosoah.com,mosoah,ar,https://www.mosoah.com/sitemap_index.xml
https://altibbi.com,altibbi,ar,https://altibbi.com/sitemap/index-sitemap.xml
https://mqaall.com,mqaall,ar,https://mqaall.com/sitemap.xml
https://www.youm7.com,youm7,ar,https://www.youm7.com/sitemap/SitemapNews
https://www.edarabia.com/sitemap_index.xml,edarabia,en,https://www.edarabia.com/sitemap_index.xml
https://www.edarabia.com/ar/,edarabia,ar,https://www.edarabia.com/ar/sitemap_index.xml
https://rjeem.com,rjeem,ar,https://rjeem.com/sitemap.xml
https://dailymedicalinfo.com,dailymedicalinfo,ar,https://dailymedicalinfo.com/sitemaps/sitemap_index.xml
https://www.elconsolto.com,elconsolto,ar,https://www.elconsolto.com/feed/sitemap
https://aitnews.com,aitnews,ar,https://aitnews.com/sitemap_index.xml
https://www.albayan.ae,albayan,ar,https://www.albayan.ae/sitemaps/index.xml
http://alriyadh.com,alriyadh,ar,http://alriyadh.com/sitemap.xml
https://elbalad.news,elbalad,ar,https://elbalad.news/sitemaps.xml
https://www.thaqafnafsak.com,thaqafnafsak,ar,https://www.thaqafnafsak.com/sitemap_index.xml
https://www.aljazeera.net,aljazeera,ar,https://www.aljazeera.net/sitemap.xml
https://www.skynewsarabia.com,skynewsarabia,ar,https://www.skynewsarabia.com/sitemaps/sitemap.xml
https://www.masrawy.com,masrawy,ar,https://www.masrawy.com/feeds/sitemap
https://www.magltk.com,magltk,ar,https://www.magltk.com/sitemap_index.xml
https://al-ain.com,al-ain,ar,https://al-ain.com/sitemaps/sitemap_index.xml
https://akhbarelyom.com,akhbarelyom,ar,https://akhbarelyom.com/sitemap.xml
https://www.almaal.org,almaal,ar,https://www.almaal.org/sitemap.xml
https://www.zyadda.com,zyadda,ar,https://www.zyadda.com/sitemap.xml
https://www.almuheet.net,almuheet,ar,https://www.almuheet.net/wp-sitemap.xml
https://www.elwatannews.com,elwatannews,ar,https://www.elwatannews.com/sitemaps.xml
https://sabq.org,sabq,ar,https://sabq.org/sitemap.xml
http://www.tech-wd.com,tech-wd,ar,http://www.tech-wd.com/wd/sitemap_index.xml
https://aawsat.com,aawsat,ar,https://aawsat.com/sitemap.xml
https://www.computer-wd.com,computer-wd,ar,https://www.computer-wd.com/sitemap.xml
https://www.almowaten.net,almowaten,ar,https://www.almowaten.net/post-sitemap.xml
https://www.sehatok.com,sehatok,ar,https://www.sehatok.com/sitemap.xml
https://gate.ahram.org.eg,gate-ahram,ar,https://gate.ahram.org.eg/ui/front/sitemapindex.aspx
https://www.aljamila.com,aljamila,ar,https://www.aljamila.com/sitemap.xml
https://www.albawaba.com,albawaba,ar,https://www.albawaba.com/sitemap.xml
https://albawaba.ahdath-alyom.com,albawaba-ahdath-alyom,ar,https://albawaba.ahdath-alyom.com/wp-sitemap.xml
https://abunawaf.com,abunawaf,ar,https://abunawaf.com/sitemap_index.xml
https://www.investopedia.com,investopedia,en,https://www.investopedia.com/sitemap.xml
https://www.businessinsider.com,businessinsider,en,https://www.businessinsider.com/sitemap/index.xml
https://www.siasat.com,siasat,en,https://www.siasat.com/sitemap_index.xml
https://telanganatoday.com,telanganatoday,en,https://telanganatoday.com/sitemap_index.xml
https://www.thehansindia.com,thehansindia,en,https://www.thehansindia.com/sitemap/sitemap-index.xml
https://www.sakshi.com,sakshi,in,https://www.sakshi.com/sitemap.xml
https://www.aninews.in,aninews,en,https://www.aninews.in/sitemap.xml
https://www.thenewsminute.com,thenewsminute,en,https://www.thenewsminute.com/sitemap.xml
https://www.bollywoodlife.com,bollywoodlife,en,https://www.bollywoodlife.com/complete-sitemap.xml
https://www.ap7am.com,ap7am,in,https://www.ap7am.com/sitemap.xml
https://www.tribuneindia.com,tribuneindia,en,https://www.tribuneindia.com/sitemap.xml
https://www.deccanchronicle.com,deccanchronicle,en,https://www.deccanchronicle.com/sitemap.xml
https://www.lokmat.com,lokmat,in,https://www.lokmat.com/sitemap.xml
https://www.freepressjournal.in,freepressjournal,en,https://www.freepressjournal.in/news-sitemap.xml
https://www.opindia.com,opindia,en,https://www.opindia.com/sitemap_index.xml
https://www.socialnews.xyz,socialnews,en,https://www.socialnews.xyz/sitemap-news.xml
https://www.spotboye.com,spotboye,en,https://www.spotboye.com/sitemap.xml
https://tv9telugu.com,tv9telugu,in,https://tv9telugu.com/sitemap_index.xml
https://odishatv.in,odishatv,en,https://odishatv.in/sitemapweb.xml
https://www.newstracklive.com,newstracklive,in,https://www.newstracklive.com/sitemap_index.xml
https://www.pinkvilla.com,pinkvilla,en,https://www.pinkvilla.com/news-sitemap.php
https://www.deccanherald.com,deccanherald,en,https://www.deccanherald.com/sitemap.xml
https://www.dtnext.in,dtnext,en,https://www.dtnext.in/sitemap.xml
https://www.thequint.com,thequint,en,https://www.thequint.com/sitemap.xml
https://www.thestatesman.com,thestatesman,en,https://www.thestatesman.com/sitemap_index.xml
https://scroll.in,scroll,en,https://scroll.in/sitemap/sitemap.xml
https://www.newindianexpress.com,newindianexpress,en,https://www.newindianexpress.com/sitemap.xml
https://www.abplive.com,abplive,in,https://www.abplive.com/news-sitemap.xml
https://apnews.com,apnews,en,https://apnews.com/sitemap/sitemap_index.xml
https://www.nationalheraldindia.com,nationalheraldindia,en,https://www.nationalheraldindia.com/news_sitemap.xml
https://newsmeter.in,newsmeter,en,https://newsmeter.in/sitemap/sitemap-index.xml
https://www.latestly.com,latestly,en,https://www.latestly.com/sitemap.xml
https://www.mid-day.com,mid-day,en,https://www.mid-day.com/Resources/midday/rss/news-articles-sitemap.xml
https://www.lemonde.fr,lemonde,fr,https://www.lemonde.fr/sitemap_index.xml
https://www.francetvinfo.fr,francetvinfo,fr,https://www.francetvinfo.fr/sitemap_index.xml
https://www.leparisien.fr,leparisien,fr,https://www.leparisien.fr/arcio/sitemap/master/
https://www.france24.com/fr,france24,fr,https://www.france24.com/sitemaps/fr/index.xml
https://www.france24.com/en,france24,en,https://www.france24.com/sitemaps/en/index.xml
https://www.france24.com/ar,france24,ar,https://www.france24.com/sitemaps/ar/index.xml
https://www.france24.com/es,france24,es,https://www.france24.com/sitemaps/es/index.xml
https://www.20minutes.fr,20minutes,fr, https://www.20minutes.fr/sitemap-arbo.xml
https://www.mediapart.fr,mediapart,fr,https://www.mediapart.fr/sitemap_index.xml
https://www.lefigaro.fr,lefigaro,fr,https://www.lefigaro.fr/sitemap_news.xml
https://www.francesoir.fr,francesoir,fr,https://www.francesoir.fr/sitemap.xml
https://www.lexpress.fr,lexpress,fr,https://www.lexpress.fr/sitemap_actu.xml
https://www.liberation.fr,liberation,fr,https://www.liberation.fr/arc/outboundfeeds/sitemap_news.xml
https://www.lepoint.fr,lepoint,fr,https://www.lepoint.fr/sitemap-news.xml
https://actu.fr,actu,fr,https://actu.fr/sitemap.xml
https://www.francebleu.fr,francebleu,fr,https://www.francebleu.fr/sitemap.xml
https://www.nouvelobs.com,nouvelobs,fr,https://www.nouvelobs.com/sitemap.xml
https://www.humanite.fr,humanite,fr,https://www.humanite.fr/sitemap.xml
https://www.lsa-conso.fr,lsa-conso,fr,https://www.lsa-conso.fr/sitemap.xml
http://www.martinique.franceantilles.fr,martinique-franceantilles,fr,http://www.martinique.franceantilles.fr/sitemap.xml
https://www.grazia.fr,grazia,fr,https://www.grazia.fr/sitemap.xml
https://www.1jour1actu.com,1jour1actu,fr,https://www.1jour1actu.com/sitemap_index.xml
https://www.lesechos.fr,lesechos,fr,https://sitemap.lesechos.fr/sitemap_index.xml
https://www.challenges.fr,challenges,fr,https://www.challenges.fr/sitemap.xml
https://www.mosaiquefm.net/fr,mosaiquefm,fr,https://www.mosaiquefm.net/fr/sitemap.xml
https://www.mosaiquefm.net/ar,mosaiquefm,ar,https://www.mosaiquefm.net/ar/sitemap.xml
https://www.jeuneafrique.com,jeuneafrique,fr,https://www.jeuneafrique.com/sitemap-general.xml
https://www.lemonde.fr,lemonde,fr,https://www.lemonde.fr/sitemap_news.xml
https://www.webdo.tn,webdo,fr,https://www.webdo.tn/sitemap.xml
http://www.businessnews.com.tn,businessnewstunisie,fr,http://www.businessnews.com.tn/sitemap.xml
http://www.leaders.com.tn,leaderstunisie,fr,http://www.leaders.com.tn/sitemap.xml 
https://lapresse.tn,lapressetunisie,fr,https://lapresse.tn/post-sitemap.xml
https://www.tuniscope.com,tuniscope,fr,https://www.tuniscope.com/sitemap.xml
https://www.tunisiefocus.com,tunisiefocus,fr,https://www.tunisiefocus.com/sitemap_index.xml
https://www.trtfrancais.com,trtfrancais,fr,https://www.trtfrancais.com/sitemap.xml
https://www.algerie360.com,algerie360,fr,https://www.algerie360.com/sitemap_index.xml
https://www.elwatan.com,elwatan,fr,https://www.elwatan.com/sitemap_index.xml
http://www.aps.dz,apsalgerie,fr,http://www.aps.dz/sitemap-articles?format=xml
https://observalgerie.com,observalgerie,fr,https://observalgerie.com/sitemap_index.xml
https://www.tsa-algerie.com,tsa-algerie,fr,https://www.tsa-algerie.com/sitemap_index.xml
https://www.algerie-eco.com,algerie-eco,fr,https://www.algerie-eco.com/sitemap_index.xml
https://www.dzairdaily.com,dzairdaily,fr,https://www.dzairdaily.com/sitemap_index.xml
https://telquel.ma,telquel,fr,https://telquel.ma/sitemap_index.xml
https://aujourdhui.ma,aujourdhuimaroc,fr,https://aujourdhui.ma/sitemap.xml
https://www.la-croix.com,la-croix,fr,https://www.la-croix.com/sitemaps.xml
https://www.euronews.com,euronews,en,https://www.euronews.com/sitemaps/en/sitemap.xml
https://www.dn.pt,dnportugal,pt,https://www.dn.pt/google_news.ashx
https://www.noticiasaominuto.com,noticiasaominuto,pt,https://www.noticiasaominuto.com/sitemap.xml
https://observador.pt,observador,pt,https://observador.pt/wp-sitemap.xml
https://g1.globo.com,g1globo,pt,https://g1.globo.com/sitemap/g1/sitemap.xml
https://www.jn.pt,jnportugal,pt,https://www.jn.pt/google_news.ashx
https://veja.abril.com.br,veja-abril,pt,https://veja.abril.com.br/sitemap.xml
https://exame.com,examenews,pt,https://exame.com/sitemap.xml
https://www.record.pt,recordportugal,pt,https://www.record.pt/sitemaps/sitemap.xml
https://www.cnnbrasil.com.br,cnnbrasil,pt,https://www.cnnbrasil.com.br/sitemap-news.xml
https://www.terra.com.br,terrabrazil,pt,https://www.terra.com.br/sitemap.xml
https://www.r7.com,r7brazil,pt,https://www.r7.com/indice_default_sitemaps.xml
https://noticias.uol.com.br,noticiasuolbrazil,pt,https://noticias.uol.com.br/sitemap/index.xml
https://oglobo.globo.com,oglobo,pt,https://oglobo.globo.com/sitemap/noticias.xml
https://www.folha.uol.com.br,folhabrazil,pt,https://www.folha.uol.com.br/sitemap.xml
https://www.dw.com,dwnews,en,https://www.dw.com/sitemap.xml
https://www.noticiasaominuto.com.br,noticiasaominuto,pt,https://www.noticiasaominuto.com.br/nmbrmap.xml
https://www.tecmundo.com.br,tecmundo,pt,https://www.tecmundo.com.br/sitemap.xml
https://cibersistemas.pt,cibersistemas,pt,https://cibersistemas.pt/sitemap_index.xml
https://www.brasildefato.com.br,brasildefato,pt,
https://www.leiaja.com,leiaja,pt,
https://elpais.com,elpais,pt,
https://www.tunisienumerique.com,tunisienumerique,fr,
https://www.letemps.ch,letemps,fr,
https://www.lejdd.fr,lejdd,fr,
https://www.ouest-france.fr,ouest-france,fr,
https://www.theweek.in,theweek,en,
https://www.nytimes.com,nytimes,en,
https://www.edureka.co,edureka,en,
https://www.freecodecamp.org,freecodecamp,en,
https://javascript.info,javascript,en,
https://www.mysql.com,mysql,en,
https://laravel.com,laravel,en,
https://askubuntu.com,askubuntu,en,
https://www.codeproject.com,codeproject,en,
https://www.c-sharpcorner.com,c-sharpcorner,en,
https://www.tutorialspoint.com,tutorialspoint,en,
https://stackexchange.com,stackexchange,en,
https://www.w3schools.com,w3schools,en,
https://www.nytimes.com,nytimes,en,
https://www.webmd.com,webmd,en,
https://www.reddit.com,reddit,en,
https://www.quora.com,quora,en,
